<annotation>
	<folder>images</folder>
	<filename>00002 - Copy.jpg</filename>
	<path>C:\Users\haiva\Downloads\myhelemt data set\data\images\00002 - Copy.jpg</path>
	<source>
		<database>Unknown</database>
	</source>
	<size>
		<width>600</width>
		<height>400</height>
		<depth>3</depth>
	</size>
	<segmented>0</segmented>
	<object>
		<name>helmet</name>
		<pose>Unspecified</pose>
		<truncated>0</truncated>
		<difficult>0</difficult>
		<bndbox>
			<xmin>237</xmin>
			<ymin>70</ymin>
			<xmax>357</xmax>
			<ymax>162</ymax>
		</bndbox>
	</object>
</annotation>
