<annotation>
	<folder>images</folder>
	<filename>00009 - Copy.jpg</filename>
	<path>C:\Users\haiva\Downloads\myhelemt data set\data\images\00009 - Copy.jpg</path>
	<source>
		<database>Unknown</database>
	</source>
	<size>
		<width>863</width>
		<height>1390</height>
		<depth>3</depth>
	</size>
	<segmented>0</segmented>
	<object>
		<name>helmet</name>
		<pose>Unspecified</pose>
		<truncated>0</truncated>
		<difficult>0</difficult>
		<bndbox>
			<xmin>320</xmin>
			<ymin>465</ymin>
			<xmax>539</xmax>
			<ymax>629</ymax>
		</bndbox>
	</object>
	<object>
		<name>helmet</name>
		<pose>Unspecified</pose>
		<truncated>0</truncated>
		<difficult>0</difficult>
		<bndbox>
			<xmin>551</xmin>
			<ymin>466</ymin>
			<xmax>768</xmax>
			<ymax>598</ymax>
		</bndbox>
	</object>
</annotation>
