<annotation>
	<folder>images</folder>
	<filename>00014 - Copy.jpg</filename>
	<path>C:\Users\haiva\Downloads\myhelemt data set\data\images\00014 - Copy.jpg</path>
	<source>
		<database>Unknown</database>
	</source>
	<size>
		<width>1300</width>
		<height>956</height>
		<depth>3</depth>
	</size>
	<segmented>0</segmented>
	<object>
		<name>helmet</name>
		<pose>Unspecified</pose>
		<truncated>1</truncated>
		<difficult>0</difficult>
		<bndbox>
			<xmin>394</xmin>
			<ymin>1</ymin>
			<xmax>653</xmax>
			<ymax>219</ymax>
		</bndbox>
	</object>
	<object>
		<name>no helmet</name>
		<pose>Unspecified</pose>
		<truncated>0</truncated>
		<difficult>0</difficult>
		<bndbox>
			<xmin>696</xmin>
			<ymin>76</ymin>
			<xmax>926</xmax>
			<ymax>350</ymax>
		</bndbox>
	</object>
</annotation>
