<annotation>
	<folder>images</folder>
	<filename>00019 - Copy.jpg</filename>
	<path>C:\Users\haiva\Downloads\myhelemt data set\data\images\00019 - Copy.jpg</path>
	<source>
		<database>Unknown</database>
	</source>
	<size>
		<width>1000</width>
		<height>500</height>
		<depth>3</depth>
	</size>
	<segmented>0</segmented>
	<object>
		<name>helmet</name>
		<pose>Unspecified</pose>
		<truncated>0</truncated>
		<difficult>0</difficult>
		<bndbox>
			<xmin>452</xmin>
			<ymin>8</ymin>
			<xmax>624</xmax>
			<ymax>204</ymax>
		</bndbox>
	</object>
	<object>
		<name>helmet</name>
		<pose>Unspecified</pose>
		<truncated>0</truncated>
		<difficult>0</difficult>
		<bndbox>
			<xmin>246</xmin>
			<ymin>170</ymin>
			<xmax>327</xmax>
			<ymax>210</ymax>
		</bndbox>
	</object>
	<object>
		<name>helmet</name>
		<pose>Unspecified</pose>
		<truncated>0</truncated>
		<difficult>0</difficult>
		<bndbox>
			<xmin>138</xmin>
			<ymin>184</ymin>
			<xmax>189</xmax>
			<ymax>222</ymax>
		</bndbox>
	</object>
	<object>
		<name>helmet</name>
		<pose>Unspecified</pose>
		<truncated>0</truncated>
		<difficult>0</difficult>
		<bndbox>
			<xmin>38</xmin>
			<ymin>196</ymin>
			<xmax>84</xmax>
			<ymax>225</ymax>
		</bndbox>
	</object>
</annotation>
