<annotation>
	<folder>images</folder>
	<filename>00034 - Copy.jpg</filename>
	<path>C:\Users\haiva\Downloads\myhelemt data set\data\images\00034 - Copy.jpg</path>
	<source>
		<database>Unknown</database>
	</source>
	<size>
		<width>665</width>
		<height>1000</height>
		<depth>3</depth>
	</size>
	<segmented>0</segmented>
	<object>
		<name>helmet</name>
		<pose>Unspecified</pose>
		<truncated>0</truncated>
		<difficult>0</difficult>
		<bndbox>
			<xmin>328</xmin>
			<ymin>66</ymin>
			<xmax>531</xmax>
			<ymax>245</ymax>
		</bndbox>
	</object>
</annotation>
