<annotation>
	<folder>images</folder>
	<filename>00052.jpg</filename>
	<path>C:\Users\haiva\Downloads\myhelemt data set\data\images\00052.jpg</path>
	<source>
		<database>Unknown</database>
	</source>
	<size>
		<width>640</width>
		<height>853</height>
		<depth>3</depth>
	</size>
	<segmented>0</segmented>
	<object>
		<name>helmet</name>
		<pose>Unspecified</pose>
		<truncated>0</truncated>
		<difficult>0</difficult>
		<bndbox>
			<xmin>52</xmin>
			<ymin>49</ymin>
			<xmax>232</xmax>
			<ymax>179</ymax>
		</bndbox>
	</object>
	<object>
		<name>helmet</name>
		<pose>Unspecified</pose>
		<truncated>0</truncated>
		<difficult>0</difficult>
		<bndbox>
			<xmin>242</xmin>
			<ymin>146</ymin>
			<xmax>379</xmax>
			<ymax>324</ymax>
		</bndbox>
	</object>
	<object>
		<name>helmet</name>
		<pose>Unspecified</pose>
		<truncated>0</truncated>
		<difficult>0</difficult>
		<bndbox>
			<xmin>350</xmin>
			<ymin>101</ymin>
			<xmax>473</xmax>
			<ymax>202</ymax>
		</bndbox>
	</object>
</annotation>
