<annotation>
	<folder>images</folder>
	<filename>00054.jpg</filename>
	<path>C:\Users\haiva\Downloads\myhelemt data set\data\images\00054.jpg</path>
	<source>
		<database>Unknown</database>
	</source>
	<size>
		<width>1200</width>
		<height>800</height>
		<depth>3</depth>
	</size>
	<segmented>0</segmented>
	<object>
		<name>helmet</name>
		<pose>Unspecified</pose>
		<truncated>0</truncated>
		<difficult>0</difficult>
		<bndbox>
			<xmin>328</xmin>
			<ymin>101</ymin>
			<xmax>510</xmax>
			<ymax>312</ymax>
		</bndbox>
	</object>
	<object>
		<name>helmet</name>
		<pose>Unspecified</pose>
		<truncated>0</truncated>
		<difficult>0</difficult>
		<bndbox>
			<xmin>598</xmin>
			<ymin>91</ymin>
			<xmax>816</xmax>
			<ymax>305</ymax>
		</bndbox>
	</object>
</annotation>
