<annotation>
	<folder>images</folder>
	<filename>00055.jpg</filename>
	<path>C:\Users\haiva\Downloads\myhelemt data set\data\images\00055.jpg</path>
	<source>
		<database>Unknown</database>
	</source>
	<size>
		<width>1200</width>
		<height>800</height>
		<depth>3</depth>
	</size>
	<segmented>0</segmented>
	<object>
		<name>helmet</name>
		<pose>Unspecified</pose>
		<truncated>0</truncated>
		<difficult>0</difficult>
		<bndbox>
			<xmin>461</xmin>
			<ymin>236</ymin>
			<xmax>680</xmax>
			<ymax>377</ymax>
		</bndbox>
	</object>
</annotation>
