<annotation>
	<folder>images</folder>
	<filename>not wearing 8.jpg</filename>
	<path>C:\Users\haiva\Downloads\myhelemt data set\data\images\not wearing 8.jpg</path>
	<source>
		<database>Unknown</database>
	</source>
	<size>
		<width>511</width>
		<height>383</height>
		<depth>3</depth>
	</size>
	<segmented>0</segmented>
	<object>
		<name>no helmet</name>
		<pose>Unspecified</pose>
		<truncated>0</truncated>
		<difficult>0</difficult>
		<bndbox>
			<xmin>263</xmin>
			<ymin>208</ymin>
			<xmax>290</xmax>
			<ymax>232</ymax>
		</bndbox>
	</object>
	<object>
		<name>no helmet</name>
		<pose>Unspecified</pose>
		<truncated>0</truncated>
		<difficult>0</difficult>
		<bndbox>
			<xmin>302</xmin>
			<ymin>216</ymin>
			<xmax>336</xmax>
			<ymax>245</ymax>
		</bndbox>
	</object>
	<object>
		<name>no helmet</name>
		<pose>Unspecified</pose>
		<truncated>0</truncated>
		<difficult>0</difficult>
		<bndbox>
			<xmin>391</xmin>
			<ymin>200</ymin>
			<xmax>439</xmax>
			<ymax>231</ymax>
		</bndbox>
	</object>
</annotation>
