<annotation>
	<folder>images</folder>
	<filename>not wearing2.jpg</filename>
	<path>C:\Users\haiva\Downloads\myhelemt data set\data\images\not wearing2.jpg</path>
	<source>
		<database>Unknown</database>
	</source>
	<size>
		<width>957</width>
		<height>1300</height>
		<depth>3</depth>
	</size>
	<segmented>0</segmented>
	<object>
		<name>no helmet</name>
		<pose>Unspecified</pose>
		<truncated>0</truncated>
		<difficult>0</difficult>
		<bndbox>
			<xmin>302</xmin>
			<ymin>41</ymin>
			<xmax>568</xmax>
			<ymax>331</ymax>
		</bndbox>
	</object>
</annotation>
