<annotation>
	<folder>images</folder>
	<filename>not wearing 9.jpg</filename>
	<path>C:\Users\haiva\Downloads\myhelemt data set\data\images\not wearing 9.jpg</path>
	<source>
		<database>Unknown</database>
	</source>
	<size>
		<width>640</width>
		<height>427</height>
		<depth>3</depth>
	</size>
	<segmented>0</segmented>
	<object>
		<name>no helmet</name>
		<pose>Unspecified</pose>
		<truncated>0</truncated>
		<difficult>0</difficult>
		<bndbox>
			<xmin>59</xmin>
			<ymin>12</ymin>
			<xmax>156</xmax>
			<ymax>144</ymax>
		</bndbox>
	</object>
	<object>
		<name>no helmet</name>
		<pose>Unspecified</pose>
		<truncated>0</truncated>
		<difficult>0</difficult>
		<bndbox>
			<xmin>165</xmin>
			<ymin>35</ymin>
			<xmax>251</xmax>
			<ymax>172</ymax>
		</bndbox>
	</object>
	<object>
		<name>no helmet</name>
		<pose>Unspecified</pose>
		<truncated>0</truncated>
		<difficult>0</difficult>
		<bndbox>
			<xmin>255</xmin>
			<ymin>45</ymin>
			<xmax>328</xmax>
			<ymax>132</ymax>
		</bndbox>
	</object>
	<object>
		<name>no helmet</name>
		<pose>Unspecified</pose>
		<truncated>0</truncated>
		<difficult>0</difficult>
		<bndbox>
			<xmin>525</xmin>
			<ymin>89</ymin>
			<xmax>630</xmax>
			<ymax>207</ymax>
		</bndbox>
	</object>
</annotation>
