<annotation>
	<folder>images</folder>
	<filename>not wearnig3.jpg</filename>
	<path>C:\Users\haiva\Downloads\myhelemt data set\data\images\not wearnig3.jpg</path>
	<source>
		<database>Unknown</database>
	</source>
	<size>
		<width>300</width>
		<height>199</height>
		<depth>3</depth>
	</size>
	<segmented>0</segmented>
	<object>
		<name>no helmet</name>
		<pose>Unspecified</pose>
		<truncated>0</truncated>
		<difficult>0</difficult>
		<bndbox>
			<xmin>169</xmin>
			<ymin>31</ymin>
			<xmax>214</xmax>
			<ymax>77</ymax>
		</bndbox>
	</object>
</annotation>
