<annotation>
	<folder>images</folder>
	<filename>not wearing4.jpg</filename>
	<path>C:\Users\haiva\Downloads\myhelemt data set\data\images\not wearing4.jpg</path>
	<source>
		<database>Unknown</database>
	</source>
	<size>
		<width>400</width>
		<height>300</height>
		<depth>3</depth>
	</size>
	<segmented>0</segmented>
	<object>
		<name>no helmet</name>
		<pose>Unspecified</pose>
		<truncated>0</truncated>
		<difficult>0</difficult>
		<bndbox>
			<xmin>90</xmin>
			<ymin>67</ymin>
			<xmax>140</xmax>
			<ymax>113</ymax>
		</bndbox>
	</object>
	<object>
		<name>no helmet</name>
		<pose>Unspecified</pose>
		<truncated>0</truncated>
		<difficult>0</difficult>
		<bndbox>
			<xmin>173</xmin>
			<ymin>90</ymin>
			<xmax>221</xmax>
			<ymax>139</ymax>
		</bndbox>
	</object>
	<object>
		<name>no helmet</name>
		<pose>Unspecified</pose>
		<truncated>0</truncated>
		<difficult>0</difficult>
		<bndbox>
			<xmin>311</xmin>
			<ymin>51</ymin>
			<xmax>396</xmax>
			<ymax>128</ymax>
		</bndbox>
	</object>
</annotation>
