<annotation>
	<folder>images</folder>
	<filename>not wearing 7.jpg</filename>
	<path>C:\Users\haiva\Downloads\myhelemt data set\data\images\not wearing 7.jpg</path>
	<source>
		<database>Unknown</database>
	</source>
	<size>
		<width>630</width>
		<height>354</height>
		<depth>3</depth>
	</size>
	<segmented>0</segmented>
	<object>
		<name>no helmet</name>
		<pose>Unspecified</pose>
		<truncated>0</truncated>
		<difficult>0</difficult>
		<bndbox>
			<xmin>272</xmin>
			<ymin>53</ymin>
			<xmax>333</xmax>
			<ymax>119</ymax>
		</bndbox>
	</object>
	<object>
		<name>no helmet</name>
		<pose>Unspecified</pose>
		<truncated>0</truncated>
		<difficult>0</difficult>
		<bndbox>
			<xmin>391</xmin>
			<ymin>46</ymin>
			<xmax>455</xmax>
			<ymax>113</ymax>
		</bndbox>
	</object>
	<object>
		<name>no helmet</name>
		<pose>Unspecified</pose>
		<truncated>0</truncated>
		<difficult>0</difficult>
		<bndbox>
			<xmin>130</xmin>
			<ymin>54</ymin>
			<xmax>211</xmax>
			<ymax>137</ymax>
		</bndbox>
	</object>
</annotation>
