<annotation>
	<folder>images</folder>
	<filename>not wearing1.jpg</filename>
	<path>C:\Users\haiva\Downloads\myhelemt data set\data\images\not wearing1.jpg</path>
	<source>
		<database>Unknown</database>
	</source>
	<size>
		<width>732</width>
		<height>549</height>
		<depth>3</depth>
	</size>
	<segmented>0</segmented>
	<object>
		<name>no helmet</name>
		<pose>Unspecified</pose>
		<truncated>1</truncated>
		<difficult>0</difficult>
		<bndbox>
			<xmin>135</xmin>
			<ymin>1</ymin>
			<xmax>615</xmax>
			<ymax>293</ymax>
		</bndbox>
	</object>
</annotation>
