<annotation>
	<folder>images</folder>
	<filename>not wearing 6.jpg</filename>
	<path>C:\Users\haiva\Downloads\myhelemt data set\data\images\not wearing 6.jpg</path>
	<source>
		<database>Unknown</database>
	</source>
	<size>
		<width>640</width>
		<height>480</height>
		<depth>3</depth>
	</size>
	<segmented>0</segmented>
	<object>
		<name>no helmet</name>
		<pose>Unspecified</pose>
		<truncated>0</truncated>
		<difficult>0</difficult>
		<bndbox>
			<xmin>64</xmin>
			<ymin>26</ymin>
			<xmax>219</xmax>
			<ymax>147</ymax>
		</bndbox>
	</object>
	<object>
		<name>no helmet</name>
		<pose>Unspecified</pose>
		<truncated>1</truncated>
		<difficult>0</difficult>
		<bndbox>
			<xmin>550</xmin>
			<ymin>128</ymin>
			<xmax>640</xmax>
			<ymax>221</ymax>
		</bndbox>
	</object>
	<object>
		<name>no helmet</name>
		<pose>Unspecified</pose>
		<truncated>0</truncated>
		<difficult>0</difficult>
		<bndbox>
			<xmin>323</xmin>
			<ymin>98</ymin>
			<xmax>383</xmax>
			<ymax>143</ymax>
		</bndbox>
	</object>
	<object>
		<name>no helmet</name>
		<pose>Unspecified</pose>
		<truncated>0</truncated>
		<difficult>0</difficult>
		<bndbox>
			<xmin>463</xmin>
			<ymin>171</ymin>
			<xmax>545</xmax>
			<ymax>248</ymax>
		</bndbox>
	</object>
</annotation>
